{"cameraMode":{"drawMode":0,"name":"Shaded","section":"Shading Mode"},"sceneLighting":true,"audioPlay":false,"sceneViewState":{"showFog":true,"showMaterialUpdate":false,"showSkybox":true,"showFlares":true,"showImageEffects":true,"showParticleSystems":true},"in2DMode":false,"pivot":{"x":-17.047161102294923,"y":2.0674543380737306,"z":10.146056175231934},"rotation":{"x":0.18742109835147859,"y":0.4474961757659912,"z":-0.0965038612484932,"w":0.869084358215332},"size":10.375826835632325,"orthographic":false}