{"cameraMode":{"drawMode":0,"name":"Shaded","section":"Shading Mode"},"sceneLighting":true,"audioPlay":false,"sceneViewState":{"showFog":true,"showMaterialUpdate":false,"showSkybox":true,"showFlares":true,"showImageEffects":true,"showParticleSystems":true},"in2DMode":false,"pivot":{"x":-17.584056854248048,"y":9.764946937561036,"z":9.047561645507813},"rotation":{"x":0.40478062629699709,"y":0.2278199940919876,"z":-0.10486860573291779,"w":0.8793482780456543},"size":14.14836311340332,"orthographic":false}