{"cameraMode":{"drawMode":0,"name":"Shaded","section":"Shading Mode"},"sceneLighting":true,"audioPlay":false,"sceneViewState":{"showFog":true,"showMaterialUpdate":false,"showSkybox":true,"showFlares":true,"showImageEffects":true,"showParticleSystems":true},"in2DMode":false,"pivot":{"x":-1.4389874935150147,"y":1.0244731903076172,"z":-3.344740867614746},"rotation":{"x":0.3134283721446991,"y":-0.024205543100833894,"z":0.007993770763278008,"w":0.9492696523666382},"size":12.975545883178711,"orthographic":false}