{"cameraMode":{"drawMode":0,"name":"Shaded","section":"Shading Mode"},"sceneLighting":false,"audioPlay":false,"sceneViewState":{"showFog":true,"showMaterialUpdate":false,"showSkybox":false,"showFlares":true,"showImageEffects":true,"showParticleSystems":true},"in2DMode":false,"pivot":{"x":1.4189400672912598,"y":2.611489772796631,"z":6.726637840270996},"rotation":{"x":-0.2181117832660675,"y":-0.014063159935176373,"z":0.003135005012154579,"w":-0.9758384227752686},"size":8.059905052185059,"orthographic":false}