{"cameraMode":{"drawMode":0,"name":"Shaded","section":"Shading Mode"},"sceneLighting":true,"audioPlay":false,"sceneViewState":{"showFog":true,"showMaterialUpdate":false,"showSkybox":false,"showFlares":true,"showImageEffects":true,"showParticleSystems":true},"in2DMode":false,"pivot":{"x":1.974348783493042,"y":-0.9864120483398438,"z":1.6825742721557618},"rotation":{"x":-0.011520147323608399,"y":0.7993174195289612,"z":-0.600609302520752,"w":-0.015365079045295716},"size":10.979048728942871,"orthographic":false}