{"cameraMode":{"drawMode":0,"name":"Shaded","section":"Shading Mode"},"sceneLighting":false,"audioPlay":false,"sceneViewState":{"showFog":true,"showMaterialUpdate":false,"showSkybox":false,"showFlares":true,"showImageEffects":true,"showParticleSystems":true},"in2DMode":false,"pivot":{"x":-0.09655976295471192,"y":0.6765300631523132,"z":0.3081895709037781},"rotation":{"x":0.0553831085562706,"y":0.6406329274177551,"z":-0.04639336094260216,"w":0.7644578218460083},"size":4.0578837394714359,"orthographic":false}