{"cameraMode":{"drawMode":0,"name":"Shaded","section":"Shading Mode"},"sceneLighting":true,"audioPlay":false,"sceneViewState":{"showFog":true,"showMaterialUpdate":false,"showSkybox":true,"showFlares":true,"showImageEffects":true,"showParticleSystems":true},"in2DMode":false,"pivot":{"x":0.9240784645080566,"y":0.6670756340026856,"z":-1.4741401672363282},"rotation":{"x":0.22714447975158692,"y":0.3658819794654846,"z":-0.09257230907678604,"w":0.8977561593055725},"size":12.036105155944825,"orthographic":false}