{"cameraMode":{"drawMode":0,"name":"Shaded","section":"Shading Mode"},"sceneLighting":false,"audioPlay":false,"sceneViewState":{"showFog":true,"showMaterialUpdate":false,"showSkybox":false,"showFlares":true,"showImageEffects":true,"showParticleSystems":true},"in2DMode":false,"pivot":{"x":3.4619998931884767,"y":1.0929384231567383,"z":6.486499786376953},"rotation":{"x":0.3042491376399994,"y":0.6808238625526428,"z":-0.5493059754371643,"w":0.3770640194416046},"size":8.76330852508545,"orthographic":false}