{"cameraMode":{"drawMode":0,"name":"Shaded","section":"Shading Mode"},"sceneLighting":false,"audioPlay":false,"sceneViewState":{"showFog":true,"showMaterialUpdate":false,"showSkybox":false,"showFlares":true,"showImageEffects":true,"showParticleSystems":true},"in2DMode":false,"pivot":{"x":1.5708527565002442,"y":0.24472904205322267,"z":4.574001312255859},"rotation":{"x":0.29773449897766116,"y":-0.021472150459885598,"z":0.006716376170516014,"w":0.9543835520744324},"size":19.926668167114259,"orthographic":false}