{"cameraMode":{"drawMode":0,"name":"Shaded","section":"Shading Mode"},"sceneLighting":true,"audioPlay":false,"sceneViewState":{"showFog":true,"showMaterialUpdate":false,"showSkybox":true,"showFlares":true,"showImageEffects":true,"showParticleSystems":true},"in2DMode":false,"pivot":{"x":-1.2049200534820557,"y":-0.08474850654602051,"z":16.74246597290039},"rotation":{"x":-0.3270126283168793,"y":0.2341526746749878,"z":-0.08401069045066834,"w":-0.9116940498352051},"size":5.238583087921143,"orthographic":false}