{"cameraMode":{"drawMode":0,"name":"Shaded","section":"Shading Mode"},"sceneLighting":false,"audioPlay":false,"sceneViewState":{"showFog":true,"showMaterialUpdate":false,"showSkybox":false,"showFlares":true,"showImageEffects":true,"showParticleSystems":true},"in2DMode":false,"pivot":{"x":1.5519254207611085,"y":0.5152487754821777,"z":8.338356018066407},"rotation":{"x":0.12313167005777359,"y":-0.8725697994232178,"z":0.3774915933609009,"w":0.2846115231513977},"size":8.76330852508545,"orthographic":false}