{"cameraMode":{"drawMode":0,"name":"Shaded","section":"Shading Mode"},"sceneLighting":true,"audioPlay":false,"sceneViewState":{"showFog":true,"showMaterialUpdate":false,"showSkybox":true,"showFlares":true,"showImageEffects":true,"showParticleSystems":true},"in2DMode":false,"pivot":{"x":3.6238632202148439,"y":1.7699222564697266,"z":2.0251245498657228},"rotation":{"x":0.5054590106010437,"y":0.3108161985874176,"z":-0.20157618820667268,"w":0.7792811393737793},"size":19.008420944213868,"orthographic":false}