{"cameraMode":{"drawMode":0,"name":"Shaded","section":"Shading Mode"},"sceneLighting":false,"audioPlay":false,"sceneViewState":{"showFog":true,"showMaterialUpdate":false,"showSkybox":false,"showFlares":true,"showImageEffects":true,"showParticleSystems":true},"in2DMode":false,"pivot":{"x":0.0,"y":1.1069045066833497,"z":0.1493329554796219},"rotation":{"x":0.5187584161758423,"y":0.000008585427167417947,"z":0.000014388489944394678,"w":0.8549209237098694},"size":7.559476852416992,"orthographic":false}