{"cameraMode":{"drawMode":0,"name":"Shaded","section":"Shading Mode"},"sceneLighting":false,"audioPlay":false,"sceneViewState":{"showFog":true,"showMaterialUpdate":false,"showSkybox":false,"showFlares":true,"showImageEffects":true,"showParticleSystems":true},"in2DMode":false,"pivot":{"x":-2.594581127166748,"y":1.3022871017456055,"z":13.543553352355957},"rotation":{"x":0.2566157877445221,"y":-0.740599513053894,"z":0.4000881612300873,"w":0.4750068783760071},"size":13.488775253295899,"orthographic":false}