{"cameraMode":{"drawMode":0,"name":"Shaded","section":"Shading Mode"},"sceneLighting":false,"audioPlay":false,"sceneViewState":{"showFog":true,"showMaterialUpdate":false,"showSkybox":false,"showFlares":true,"showImageEffects":true,"showParticleSystems":true},"in2DMode":false,"pivot":{"x":-0.6948041319847107,"y":1.0,"z":-1.1920928955078126e-7},"rotation":{"x":0.5566703081130981,"y":0.0074857003055512909,"z":-0.004996517673134804,"w":0.8306866884231567},"size":2.4203858375549318,"orthographic":false}