{"cameraMode":{"drawMode":0,"name":"Shaded","section":"Shading Mode"},"sceneLighting":false,"audioPlay":false,"sceneViewState":{"showFog":true,"showMaterialUpdate":false,"showSkybox":false,"showFlares":true,"showImageEffects":true,"showParticleSystems":true},"in2DMode":false,"pivot":{"x":0.21755743026733399,"y":1.6680831909179688,"z":-1.7494208812713624},"rotation":{"x":-0.3404504954814911,"y":-0.5970591306686401,"z":0.30922675132751467,"w":-0.6572861075401306},"size":9.177491188049317,"orthographic":false}