{"cameraMode":{"drawMode":0,"name":"Shaded","section":"Shading Mode"},"sceneLighting":false,"audioPlay":false,"sceneViewState":{"showFog":true,"showMaterialUpdate":false,"showSkybox":false,"showFlares":true,"showImageEffects":true,"showParticleSystems":true},"in2DMode":false,"pivot":{"x":-1.4063806533813477,"y":-0.9665184020996094,"z":2.4454426765441896},"rotation":{"x":0.3387981653213501,"y":-0.47011223435401919,"z":0.20173875987529756,"w":0.7896631956100464},"size":7.509332180023193,"orthographic":false}