{"cameraMode":{"drawMode":0,"name":"Shaded","section":"Shading Mode"},"sceneLighting":false,"audioPlay":false,"sceneViewState":{"showFog":true,"showMaterialUpdate":false,"showSkybox":false,"showFlares":true,"showImageEffects":true,"showParticleSystems":true},"in2DMode":false,"pivot":{"x":3.2218360900878908,"y":0.15526294708251954,"z":3.5520501136779787},"rotation":{"x":0.31447887420654299,"y":-0.6846576929092407,"z":0.4435056149959564,"w":0.48548203706741335},"size":11.925652503967286,"orthographic":false}