{"cameraMode":{"drawMode":0,"name":"Shaded","section":"Shading Mode"},"sceneLighting":false,"audioPlay":false,"sceneViewState":{"showFog":true,"showMaterialUpdate":false,"showSkybox":false,"showFlares":true,"showImageEffects":true,"showParticleSystems":true},"in2DMode":false,"pivot":{"x":-1.0088419914245606,"y":2.068526268005371,"z":5.169178009033203},"rotation":{"x":0.25479361414909365,"y":-0.5666134357452393,"z":0.18992333114147187,"w":0.7602363228797913},"size":7.536487579345703,"orthographic":false}