{"cameraMode":{"drawMode":0,"name":"Shaded","section":"Shading Mode"},"sceneLighting":true,"audioPlay":false,"sceneViewState":{"showFog":true,"showMaterialUpdate":false,"showSkybox":true,"showFlares":true,"showImageEffects":true,"showParticleSystems":true},"in2DMode":false,"pivot":{"x":394.0532531738281,"y":457.3753356933594,"z":0.18414306640625},"rotation":{"x":-0.027302611619234086,"y":-0.023080969229340555,"z":0.000629567017313093,"w":-0.9993605017662048},"size":1099.1871337890625,"orthographic":false}