{"cameraMode":{"drawMode":0,"name":"Shaded","section":"Shading Mode"},"sceneLighting":true,"audioPlay":false,"sceneViewState":{"showFog":true,"showMaterialUpdate":false,"showSkybox":true,"showFlares":true,"showImageEffects":true,"showParticleSystems":true},"in2DMode":false,"pivot":{"x":52.90825653076172,"y":5.032735824584961,"z":-15.66590404510498},"rotation":{"x":0.6645147204399109,"y":0.24638117849826814,"z":-0.24783822894096375,"w":0.6605303287506104},"size":136.2804412841797,"orthographic":false}