{"cameraMode":{"drawMode":0,"name":"Shaded","section":"Shading Mode"},"sceneLighting":true,"audioPlay":false,"sceneViewState":{"showFog":true,"showMaterialUpdate":false,"showSkybox":false,"showFlares":true,"showImageEffects":true,"showParticleSystems":true},"in2DMode":false,"pivot":{"x":2.547614097595215,"y":-1.744823932647705,"z":4.280094146728516},"rotation":{"x":-0.011520147323608399,"y":0.7993174195289612,"z":-0.600609302520752,"w":-0.015365079045295716},"size":8.810149192810059,"orthographic":false}