{"cameraMode":{"drawMode":0,"name":"Shaded","section":"Shading Mode"},"sceneLighting":true,"audioPlay":false,"sceneViewState":{"showFog":true,"showMaterialUpdate":false,"showSkybox":false,"showFlares":true,"showImageEffects":true,"showParticleSystems":true},"in2DMode":false,"pivot":{"x":-3.4142746925354006,"y":-1.2475223541259766,"z":10.40483283996582},"rotation":{"x":0.24922434985637666,"y":-0.168910950422287,"z":0.04420960322022438,"w":0.952578604221344},"size":19.838544845581056,"orthographic":false}