{"cameraMode":{"drawMode":0,"name":"Shaded","section":"Shading Mode"},"sceneLighting":true,"audioPlay":false,"sceneViewState":{"showFog":true,"showMaterialUpdate":false,"showSkybox":true,"showFlares":true,"showImageEffects":true,"showParticleSystems":true},"in2DMode":false,"pivot":{"x":5.138400077819824,"y":1.505005121231079,"z":-2.17498779296875},"rotation":{"x":-0.04379028081893921,"y":-0.02007119171321392,"z":0.0008788463310338557,"w":-0.9988387227058411},"size":7.274481296539307,"orthographic":false}