{"cameraMode":{"drawMode":0,"name":"Shaded","section":"Shading Mode"},"sceneLighting":true,"audioPlay":false,"sceneViewState":{"showFog":true,"showMaterialUpdate":false,"showSkybox":true,"showFlares":true,"showImageEffects":true,"showParticleSystems":true},"in2DMode":false,"pivot":{"x":3.1473588943481447,"y":-0.35063743591308596,"z":4.5825886726379398},"rotation":{"x":-0.23126889765262605,"y":-0.35157063603401186,"z":0.09007476270198822,"w":-0.9026623964309692},"size":11.555713653564454,"orthographic":false}