{"cameraMode":{"drawMode":0,"name":"Shaded","section":"Shading Mode"},"sceneLighting":true,"audioPlay":false,"sceneViewState":{"showFog":true,"showMaterialUpdate":false,"showSkybox":true,"showFlares":true,"showImageEffects":true,"showParticleSystems":true},"in2DMode":false,"pivot":{"x":13.702363967895508,"y":13.774272918701172,"z":-14.244139671325684},"rotation":{"x":0.26797735691070559,"y":0.7174719572067261,"z":-0.3615681231021881,"w":0.5317295789718628},"size":77.04985809326172,"orthographic":false}