{"cameraMode":{"drawMode":0,"name":"Shaded","section":"Shading Mode"},"sceneLighting":false,"audioPlay":false,"sceneViewState":{"showFog":true,"showMaterialUpdate":false,"showSkybox":false,"showFlares":true,"showImageEffects":true,"showParticleSystems":true},"in2DMode":false,"pivot":{"x":-7.730855941772461,"y":2.3120269775390627,"z":13.456961631774903},"rotation":{"x":0.30846312642097475,"y":-0.5546067953109741,"z":0.23208469152450562,"w":0.7371765971183777},"size":17.316856384277345,"orthographic":false}