{"cameraMode":{"drawMode":0,"name":"Shaded","section":"Shading Mode"},"sceneLighting":true,"audioPlay":false,"sceneViewState":{"showFog":true,"showMaterialUpdate":false,"showSkybox":false,"showFlares":true,"showImageEffects":true,"showParticleSystems":true},"in2DMode":false,"pivot":{"x":0.9385846853256226,"y":-5.1095051765441898,"z":8.512760162353516},"rotation":{"x":0.38993072509765627,"y":-0.057947635650634769,"z":0.024613430723547937,"w":0.918691873550415},"size":17.726713180541993,"orthographic":false}