{"cameraMode":{"drawMode":0,"name":"Shaded","section":"Shading Mode"},"sceneLighting":true,"audioPlay":false,"sceneViewState":{"showFog":true,"showMaterialUpdate":false,"showSkybox":true,"showFlares":true,"showImageEffects":true,"showParticleSystems":true},"in2DMode":false,"pivot":{"x":-12.615994453430176,"y":47.97869110107422,"z":-7.838171005249023},"rotation":{"x":-0.0053799389861524109,"y":0.969944953918457,"z":-0.24231210350990296,"w":-0.021535463631153108},"size":22.0,"orthographic":false}