{"cameraMode":{"drawMode":0,"name":"Shaded","section":"Shading Mode"},"sceneLighting":true,"audioPlay":false,"sceneViewState":{"showFog":true,"showMaterialUpdate":false,"showSkybox":true,"showFlares":true,"showImageEffects":true,"showParticleSystems":true},"in2DMode":false,"pivot":{"x":17.999000549316408,"y":-2.3144073486328127,"z":29.200136184692384},"rotation":{"x":0.5054590106010437,"y":0.3108161985874176,"z":-0.20157618820667268,"w":0.7792811393737793},"size":78.42500305175781,"orthographic":false}