{"cameraMode":{"drawMode":0,"name":"Shaded","section":"Shading Mode"},"sceneLighting":true,"audioPlay":false,"sceneViewState":{"showFog":true,"showMaterialUpdate":false,"showSkybox":true,"showFlares":true,"showImageEffects":true,"showParticleSystems":true},"in2DMode":false,"pivot":{"x":1092.7882080078125,"y":508.4309387207031,"z":224.873291015625},"rotation":{"x":-0.13928212225437165,"y":-0.0320807583630085,"z":0.004515450447797775,"w":-0.9897264242172241},"size":564.1571655273438,"orthographic":false}