{"cameraMode":{"drawMode":0,"name":"Shaded","section":"Shading Mode"},"sceneLighting":false,"audioPlay":false,"sceneViewState":{"showFog":true,"showMaterialUpdate":false,"showSkybox":false,"showFlares":true,"showImageEffects":true,"showParticleSystems":true},"in2DMode":false,"pivot":{"x":2.3174757957458498,"y":-2.4532389640808107,"z":6.026422500610352},"rotation":{"x":0.39145246148109438,"y":0.02069641649723053,"z":-0.008819572627544403,"w":0.9199462532997131},"size":13.728835105895996,"orthographic":false}