{"cameraMode":{"drawMode":0,"name":"Shaded","section":"Shading Mode"},"sceneLighting":true,"audioPlay":false,"sceneViewState":{"showFog":true,"showMaterialUpdate":false,"showSkybox":false,"showFlares":true,"showImageEffects":true,"showParticleSystems":true},"in2DMode":false,"pivot":{"x":1.07452392578125,"y":-2.053277015686035,"z":10.151928901672364},"rotation":{"x":0.2543858289718628,"y":-0.03625192120671272,"z":0.009560003876686097,"w":0.9663763642311096},"size":17.93351173400879,"orthographic":false}