{"cameraMode":{"drawMode":0,"name":"Shaded","section":"Shading Mode"},"sceneLighting":false,"audioPlay":false,"sceneViewState":{"showFog":true,"showMaterialUpdate":false,"showSkybox":false,"showFlares":true,"showImageEffects":true,"showParticleSystems":true},"in2DMode":false,"pivot":{"x":3.0394277572631838,"y":0.624664306640625,"z":4.9593963623046879},"rotation":{"x":0.31372058391571047,"y":0.5388717651367188,"z":-0.22584854066371919,"w":0.7484579086303711},"size":13.728276252746582,"orthographic":false}