{"cameraMode":{"drawMode":0,"name":"Shaded","section":"Shading Mode"},"sceneLighting":true,"audioPlay":false,"sceneViewState":{"showFog":true,"showMaterialUpdate":false,"showSkybox":true,"showFlares":true,"showImageEffects":true,"showParticleSystems":true},"in2DMode":false,"pivot":{"x":6.220092296600342,"y":4.351573944091797,"z":5.176019191741943},"rotation":{"x":0.4744691252708435,"y":-0.010552349500358105,"z":0.005710777826607227,"w":0.8801942467689514},"size":18.370845794677736,"orthographic":false}