{"cameraMode":{"drawMode":0,"name":"Shaded","section":"Shading Mode"},"sceneLighting":true,"audioPlay":false,"sceneViewState":{"showFog":true,"showMaterialUpdate":false,"showSkybox":true,"showFlares":true,"showImageEffects":true,"showParticleSystems":true},"in2DMode":false,"pivot":{"x":10.785050392150879,"y":3.2274861335754396,"z":17.32816505432129},"rotation":{"x":0.23342552781105042,"y":0.6035895347595215,"z":-0.19089321792125703,"w":0.7380732297897339},"size":1.6064913272857667,"orthographic":false}