{"cameraMode":{"drawMode":0,"name":"Shaded","section":"Shading Mode"},"sceneLighting":false,"audioPlay":false,"sceneViewState":{"showFog":true,"showMaterialUpdate":false,"showSkybox":false,"showFlares":true,"showImageEffects":true,"showParticleSystems":true},"in2DMode":false,"pivot":{"x":4.500000476837158,"y":1.3763015270233155,"z":-3.708789348602295},"rotation":{"x":0.5054590106010437,"y":0.3108161985874176,"z":-0.20157618820667268,"w":0.7792811393737793},"size":7.571966171264648,"orthographic":false}