{"cameraMode":{"drawMode":0,"name":"Shaded","section":"Shading Mode"},"sceneLighting":true,"audioPlay":false,"sceneViewState":{"showFog":true,"showMaterialUpdate":false,"showSkybox":false,"showFlares":true,"showImageEffects":true,"showParticleSystems":true},"in2DMode":false,"pivot":{"x":-10.46900463104248,"y":1.0950005054473878,"z":6.021289348602295},"rotation":{"x":0.2237505167722702,"y":-0.5771541595458984,"z":0.16836757957935334,"w":0.7671617865562439},"size":5.528710842132568,"orthographic":false}