{"cameraMode":{"drawMode":0,"name":"Shaded","section":"Shading Mode"},"sceneLighting":false,"audioPlay":false,"sceneViewState":{"showFog":true,"showMaterialUpdate":false,"showSkybox":false,"showFlares":true,"showImageEffects":true,"showParticleSystems":true},"in2DMode":false,"pivot":{"x":6.653011798858643,"y":3.1319332122802736,"z":6.637415885925293},"rotation":{"x":0.3560786545276642,"y":-0.4546118974685669,"z":0.20482954382896424,"w":0.7903348803520203},"size":10.7654447555542,"orthographic":false}