{"cameraMode":{"drawMode":0,"name":"Shaded","section":"Shading Mode"},"sceneLighting":true,"audioPlay":false,"sceneViewState":{"showFog":true,"showMaterialUpdate":false,"showSkybox":true,"showFlares":true,"showImageEffects":true,"showParticleSystems":true},"in2DMode":false,"pivot":{"x":-2.213632822036743,"y":12.237141609191895,"z":-4.494569778442383},"rotation":{"x":-0.1021258607506752,"y":-0.011342613957822323,"z":0.0011640043230727316,"w":-0.9947171807289124},"size":9.429044723510743,"orthographic":false}