{"cameraMode":{"drawMode":0,"name":"Shaded","section":"Shading Mode"},"sceneLighting":true,"audioPlay":false,"sceneViewState":{"showFog":true,"showMaterialUpdate":false,"showSkybox":true,"showFlares":true,"showImageEffects":true,"showParticleSystems":true},"in2DMode":false,"pivot":{"x":11.168416023254395,"y":1.0058823823928834,"z":-2.5496556758880617},"rotation":{"x":0.4544171392917633,"y":0.21641314029693604,"z":-0.11481934040784836,"w":0.8564573526382446},"size":2.9148783683776857,"orthographic":false}