{"cameraMode":{"drawMode":0,"name":"Shaded","section":"Shading Mode"},"sceneLighting":true,"audioPlay":false,"sceneViewState":{"showFog":true,"showMaterialUpdate":false,"showSkybox":false,"showFlares":true,"showImageEffects":true,"showParticleSystems":true},"in2DMode":false,"pivot":{"x":2.127464532852173,"y":0.7436580657958984,"z":2.9984188079833986},"rotation":{"x":0.5934953689575195,"y":-0.002404659753665328,"z":0.0017940500983968378,"w":0.8048320412635803},"size":8.401839256286621,"orthographic":false}