{"cameraMode":{"drawMode":0,"name":"Shaded","section":"Shading Mode"},"sceneLighting":true,"audioPlay":false,"sceneViewState":{"showFog":true,"showMaterialUpdate":false,"showSkybox":true,"showFlares":true,"showImageEffects":true,"showParticleSystems":true},"in2DMode":false,"pivot":{"x":8.106128692626954,"y":8.844149589538575,"z":17.119400024414064},"rotation":{"x":0.3114250600337982,"y":0.585074782371521,"z":-0.259392648935318,"w":0.7024367451667786},"size":47.36813735961914,"orthographic":false}