{"cameraMode":{"drawMode":0,"name":"Shaded","section":"Shading Mode"},"sceneLighting":true,"audioPlay":false,"sceneViewState":{"showFog":true,"showMaterialUpdate":false,"showSkybox":false,"showFlares":true,"showImageEffects":true,"showParticleSystems":true},"in2DMode":false,"pivot":{"x":-0.9136433601379395,"y":3.4888856410980226,"z":11.456222534179688},"rotation":{"x":0.0972597524523735,"y":-0.8920270204544067,"z":0.23053431510925294,"w":0.37640759348869326},"size":13.070578575134278,"orthographic":false}