{"cameraMode":{"drawMode":0,"name":"Shaded","section":"Shading Mode"},"sceneLighting":false,"audioPlay":false,"sceneViewState":{"showFog":true,"showMaterialUpdate":false,"showSkybox":false,"showFlares":true,"showImageEffects":true,"showParticleSystems":true},"in2DMode":false,"pivot":{"x":3.722128391265869,"y":-0.5603389739990234,"z":1.4856271743774415},"rotation":{"x":-0.1137886717915535,"y":0.877943754196167,"z":-0.38670986890792849,"w":-0.25837191939353945},"size":14.247516632080079,"orthographic":false}